p, 330383, roles, list
p, 330383, election, create
p, 330383, database, removerole
p, 330383, database, addrole
p, 330383, proxies, post
p, 330383, proxies, put
p, 330383, proxies, delete
p, 228271, roles, list
p, 228271, election, create
p, 228271, database, removerole
p, 228271, database, addrole
p, 228271, proxies, post
p, 228271, proxies, put
p, 228271, proxies, delete
p, 330361, roles, list
p, 330361, election, create
p, 330361, database, removerole
p, 330361, database, addrole
p, 330361, proxies, post
p, 330361, proxies, put
p, 330361, proxies, delete
p, 175129, roles, list
p, 175129, election, create
p, 175129, database, removerole
p, 175129, database, addrole
p, 175129, proxies, post
p, 175129, proxies, put
p, 175129, proxies, delete
p, 324610, roles, list
p, 324610, election, create
p, 324610, database, removerole
p, 324610, database, addrole
p, 324610, proxies, post
p, 324610, proxies, put
p, 324610, proxies, delete
p, 330382, roles, list
p, 330382, election, create
p, 330382, database, removerole
p, 330382, database, addrole
p, 330382, proxies, post
p, 330382, proxies, put
p, 330382, proxies, delete
p, 315822, roles, list
p, 315822, election, create
p, 315822, database, removerole
p, 315822, database, addrole
p, 315822, proxies, post
p, 315822, proxies, put
p, 315822, proxies, delete
p, 321016, roles, list
p, 321016, election, create
p, 321016, database, removerole
p, 321016, database, addrole
p, 321016, proxies, post
p, 321016, proxies, put
p, 321016, proxies, delete